{
  "question": "What is the main cause of the French Revolution?",
  "k": 10,
  "alpha": 0.001,
  "temperature": 0.5,
  "top_p": 0.99,
  "top_k": 5,
  "unique_generations": 10,
  "eigenscore": 1.651931601237458,
  "eigvals": [
    0.001000000000000804,
    3.352985292273332,
    4.977207584175731,
    7.621772290076703,
    8.854157258588156,
    12.2503567588267,
    13.905807636593426,
    21.005847537211032,
    34.86733971298763,
    106.2975389327078
  ]
}