dataset,n_samples,k,generation_seed,auroc,aurc,pcc,num_correct,num_incorrect
qa820,100.0,5,42.0,0.8452380952380952,0.1806607459851206,-0.6040010347262385,58.0,42.0
qa820,100.0,10,42.0,0.8590326581231914,0.16541622396501135,-0.5823365838336726,59.0,41.0
qa820,100.0,20,42.0,0.874384236453202,0.16566488620296074,-0.6216062252408828,58.0,42.0
