dataset,n_samples,k,mean_auroc,std_auroc,mean_aurc,std_aurc,mean_pcc,std_pcc,mean_num_correct,mean_num_incorrect,mean_clip_fraction,n_runs
qa820,100.0,20,0.8552678756586674,0.018022210798965235,0.16696236562274921,0.00249517948257865,-0.5736212548676374,0.04555898714595148,59.333333333333336,40.666666666666664,0.0,4
qa820,300.0,20,0.8094281309215624,0.014864209347521785,0.19251808263777326,0.0066875710223793785,-0.5032344811684754,0.030015282461806077,180.33333333333334,119.66666666666667,0.0,4
qa820,500.0,20,0.8041355618927576,0.005526555682750323,0.20016615542424446,0.002800618506357523,-0.4875695660690536,0.01732252229692686,293.0,207.0,0.0,4
qa820,820.0,20,0.7865702643613105,0.006113615489666773,0.22873036929524673,0.005324124505301982,-0.4590196832137307,0.01464621716108724,464.0,356.0,0.0,4
