dataset,n_samples,k,mean_auroc,std_auroc,mean_aurc,std_aurc,mean_pcc,std_pcc,mean_num_correct,mean_num_incorrect,mean_clip_fraction,n_runs
qa820,820.0,20,0.7865702643613105,0.006113615489666773,0.22873036929524673,0.005324124505301982,-0.4590196832137307,0.01464621716108724,464.0,356.0,0.0,4
triviaqa,100.0,20,0.744050764050764,0.03809670968075748,0.26468045069589136,0.018092615015908493,-0.3957059596394455,0.05568339623229179,54.0,46.0,0.0,4
