method,AUROC,AURC,ECE
Contradiction Score,0.8598599132934577,0.18791756833651926,0.21648745774393446
1 - Entailment Score,0.6558581397505447,0.27736716401689715,0.4202728038046162
contradiction/neutral Score ,0.9071769369870636,0.17089777302001657,0.026137713981752877
(1-E)*C Score ,0.7761960402466732,0.21799165493140596,0.22096827451192508
C - 0.5N Score ,0.9026644874113229,0.17272922362892368,0.18496060589671748
